clusters,scores
cluster0,0.23068260869565216
cluster1,0.03286976744186046
cluster2,0.07773206106870229
cluster3,0.1646877551020408
cluster4,0.08664
